Frame,Shadow Mapping,Collision Detection TFB,Visuals,Particle Simulation
1000,71424,39296,120256,48007744
1001,72512,39392,120224,47896128
1002,71840,39424,120992,47878144
1003,71840,39392,124928,48083904
1004,71296,39296,119392,47924928
1005,72512,39328,121664,47762080
1006,72000,39552,120416,48235552
1007,71392,39328,119616,47816416
1008,71872,39200,125120,48068896
1009,72320,39264,120032,47895296
1010,71840,39296,120384,47889184
1011,71744,39616,122240,48077376
1012,71776,39264,120064,48124064
1013,72352,39520,118432,48198496
1014,71712,40288,122240,48134752
1015,71264,39328,119872,48112096
1016,72128,39680,119328,47820768
1017,72608,39616,120864,48023392
1018,71840,39520,122080,48092640
1019,71584,39584,120896,48096224
1020,71232,39296,118400,48145856
1021,73248,39296,118496,48011808
1022,71424,39648,118720,48130976
1023,72224,39296,113280,47999584
1024,73056,39904,114048,47986880
1025,72960,39072,112224,47575264
1026,71936,39712,116608,48117248
1027,71648,39744,114272,48242880
1028,71232,39840,116128,48066624
1029,71776,39360,120800,57102272
1030,71712,39488,120544,56949952
1031,72352,39264,124384,56977472
1032,71360,39424,118048,57144704
1033,72000,39520,122208,56768224
1034,71648,39168,118720,56976256
1035,71872,39232,119808,56807264
1036,72384,39264,121312,56649024
1037,72288,39424,120960,56232896
1038,72128,39456,120288,56258720
1039,71456,39264,120000,55691456
1040,71776,39168,120992,55585536
1041,71840,39456,120960,55404896
1042,71072,39360,120128,55374880
1043,71808,39328,120672,55019744
1044,72032,39136,122528,48519008
1045,71328,39488,120896,47744736
1046,71328,39904,119520,47769152
1047,72096,39296,121632,47818432
1048,71552,39296,119712,47677248
1049,70720,39424,120736,46989088
1050,71712,39264,119488,47633856
1051,71904,39488,122976,47068512
1052,71680,39264,121120,47473088
1053,71808,39296,121984,48203872
1054,71584,39232,118016,48032032
1055,72224,39680,121664,56707936
1056,72416,39648,121408,56676384
1057,72192,39328,111392,56703392
1058,72064,39296,121088,57137856
1059,72064,39424,119456,57021088
1060,72192,39456,120352,56538048
1061,72224,39840,114816,56837824
1062,72384,39328,120192,56804832
1063,71840,39296,118752,55951008
1064,71424,39168,118400,55917952
1065,72064,39200,120128,55692416
1066,72448,39616,120928,55466176
1067,71392,39392,123776,55192032
1068,71392,39360,120320,55142592
1069,71904,39552,119808,54615136
1070,71328,39744,120544,47814880
1071,72032,39936,115456,47670336
1072,71616,39360,122432,47662112
1073,72800,39264,122368,47063616
1074,72032,39264,117952,47032768
1075,71776,39456,115104,46506400
1076,72576,39136,112992,47360736
1077,71392,39808,113472,47862816
1078,71104,40096,116448,47564096
1079,70528,40064,113760,48249408
1080,72224,39776,117312,47175968
1081,72032,40064,114816,55306432
1082,71776,40288,113184,55503456
1083,70656,39360,115168,55438208
1084,71680,39264,120288,54887872
1085,71904,39424,120160,54726240
1086,71424,39744,113984,54884128
1087,71552,39264,121920,54671744
1088,71616,39232,122752,54571264
1089,72000,39328,119296,54367392
1090,72608,39520,120320,54303488
1091,71712,39744,123776,54396288
1092,71712,39552,122112,54043872
1093,72352,39488,113600,54433632
1094,71552,39488,120192,54421056
1095,71648,39392,121056,54468544
1096,71872,39328,117696,54550080
1097,71712,39392,113376,54678816
1098,71584,39200,120672,54891936
1099,71904,39360,119104,55058368
1100,71872,39136,119744,55620320
1101,71360,39360,122144,56350208
1102,72640,39456,119776,56640800
1103,71584,39296,119328,57194688
1104,72032,39232,117120,57827328
1105,71488,39488,121536,57768672
1106,72096,40384,122080,65477280
1107,72352,39200,120704,65703552
1108,72160,39744,120896,65940000
1109,70976,39712,120832,65577152
1110,71264,39840,115680,66057440
1111,72224,39488,118848,65962944
1112,71488,39168,122336,65920480
1113,72032,39264,121344,66012544
1114,70816,39296,122368,66088352
1115,72192,39264,119776,65920256
1116,71008,39424,112800,66043328
1117,72640,39232,110880,66197248
1118,71712,40160,114880,56936800
1119,71328,39392,118112,57050688
1120,71008,39776,121056,57103616
1121,72448,39744,120896,57067456
1122,72192,39648,114912,57059680
1123,71680,39168,118368,57098784
1124,72704,39296,118944,57157632
1125,71680,39616,121344,57085056
1126,71168,39456,119136,57221952
1127,71296,39456,122240,57031392
1128,71904,39328,121728,57036544
1129,71840,39072,120064,57079840
1130,71968,39264,121280,56804992
1131,71936,39936,115104,57133216
1132,71936,39904,114720,57211104
1133,72128,39424,118944,57065888
1134,71456,39232,122112,57046176
1135,71968,39232,120448,56894400
1136,72512,39424,119552,57065152
1137,72288,39712,120352,56935808
1138,71552,39168,114624,56937536
1139,71584,39296,120544,56923008
1140,71808,39200,122304,56914048
1141,71552,39296,120480,56862720
1142,72768,39168,116160,56903712
1143,71968,39392,123456,56705856
1144,72416,39392,120064,56539552
1145,71872,39328,120448,56781632
1146,73024,39456,120576,56250592
1147,71040,39200,115968,56503104
1148,72384,39328,119680,56472832
1149,72128,39072,121472,56608672
1150,71232,39232,119648,56511200
1151,71872,39200,120288,56091136
1152,71776,39776,116544,55011200
1153,71744,39488,123456,48075648
1154,71872,39296,122368,47951328
1155,71232,39264,118112,47977600
1156,71840,39584,121888,48076096
1157,71616,39168,122976,48132512
1158,71520,39392,120128,48069408
1159,71744,39200,122304,47974880
1160,71840,39200,119232,47726560
1161,72160,39360,121984,47936576
1162,71776,39648,114144,47882336
1163,72512,39328,114592,47894368
1164,71712,39392,117056,48000480
1165,71744,39456,111744,48063072
1166,72192,40064,114592,47782464
1167,71584,39392,113920,47735232
1168,72864,39168,118144,47643072
1169,72064,39232,121696,47645760
1170,71552,39904,116320,47513184
1171,72640,39936,114720,47608320
1172,71264,39840,114624,47410912
1173,72672,39840,114240,47535168
1174,72384,40096,112448,47915776
1175,72032,39296,118368,47563744
1176,71744,39520,115712,47848384
1177,71840,39488,118880,48154784
1178,71104,39392,119232,47929472
1179,72000,39232,121472,47547040
1180,71776,39840,113152,48011616
1181,71392,39392,119936,47878400
1182,71808,39360,118496,47492000
1183,72384,40032,116480,48062080
1184,72512,39456,118848,47527648
1185,72832,40064,113536,47392704
1186,71968,39712,115808,48232896
1187,71584,39520,120480,47812320
1188,72288,39488,121024,47690144
1189,71776,39712,114048,47575872
1190,71744,39360,115520,47873440
1191,71520,39232,120992,47555104
1192,71520,39360,114528,48131712
1193,72032,39520,120128,47806720
1194,71424,39040,111328,48118848
1195,72640,39200,118112,48112192
1196,71712,39360,120320,47415552
1197,72032,39840,114208,48008736
1198,71104,40800,113664,48067072
1199,70848,39200,112544,48071872
1200,71872,39168,114688,48109984
1201,72800,39104,118528,48000928
1202,71168,39264,120384,48098272
1203,71552,39744,119712,47947520
1204,71648,39488,121920,47980992
1205,71968,39360,120352,47927904
1206,72064,39232,125920,48109024
1207,71776,39232,117920,48228576
1208,72064,39584,119296,48067968
1209,72064,39328,120064,57041632
1210,71648,39296,119968,56953120
1211,71968,39264,119840,57020384
1212,71872,39488,112928,57142848
1213,71072,39744,114080,56776000
1214,71936,39488,120832,57079840
1215,71776,39392,120736,56813472
1216,72704,39392,122496,56665696
1217,72256,39136,112416,55904448
1218,71040,39872,117824,56240704
1219,72640,39680,119392,55686272
1220,71264,39136,120896,55540384
1221,71296,39616,120160,55404960
1222,71904,39776,119456,55436608
1223,72640,39520,120160,55023808
1224,71360,39520,119264,48523616
1225,72256,39424,119712,47725696
1226,71360,39328,119424,47765600
1227,71168,39424,121088,47821376
1228,71168,39520,116448,47685088
1229,72256,39520,120064,46972288
1230,71680,39584,122336,47646496
1231,72256,39296,119296,47063936
1232,70880,39296,119488,47457312
1233,71360,39232,117888,48191552
1234,71328,39328,122080,48015040
1235,71552,39360,119456,56699808
1236,70816,39264,111616,56747456
1237,71744,39936,117184,56669312
1238,71776,39488,120864,57126816
1239,71904,39424,120928,57034336
1240,71872,39968,118976,56924160
1241,71424,39840,111552,56854880
1242,71072,39552,114880,56788768
1243,71904,39648,118816,55565632
1244,72256,39968,114368,55920064
1245,71808,39168,122080,55314304
1246,72096,39744,114912,55461728
1247,72032,39456,121600,55221792
1248,72032,39296,120960,55149280
1249,71392,39296,121088,54622624
1250,71392,39264,119904,48211552
1251,73408,39872,115072,47655872
1252,70944,39264,119040,47665344
1253,71232,39296,120864,47049312
1254,71520,39232,118848,47022368
1255,71552,39584,121280,46902752
1256,71456,39680,121184,47366784
1257,71520,39424,120512,47884896
1258,71392,39392,119168,47637824
1259,71296,39616,120064,48252096
1260,71584,39232,118304,47649984
1261,72416,39744,115872,55758432
1262,70880,39232,120704,55606720
1263,72224,39680,120576,55448384
1264,71680,39232,117920,54859360
1265,72384,39264,120064,54736128
1266,71840,39584,121440,54904768
1267,71488,39552,122080,54667232
1268,71936,40000,119232,54567648
1269,70880,39296,121280,54375808
1270,71968,39392,120576,54315744
1271,71360,39840,115968,54038880
1272,71968,39872,114368,54405792
1273,71808,39264,118560,54442816
1274,71136,39296,122784,54029152
1275,72448,39808,112864,54464128
1276,71776,39200,116800,54539872
1277,71712,39392,121056,54683712
1278,72192,39360,120096,54888960
1279,71040,39552,119136,55055552
1280,72480,39328,120608,55640832
1281,71232,39712,113632,56361024
1282,71616,39296,120832,56647072
1283,71520,39392,119872,57181728
1284,71072,39296,121664,57837344
1285,71680,39680,118752,57775392
1286,71328,39264,122048,65095936
1287,71232,39232,114464,65732000
1288,72096,39392,119104,65921376
1289,71616,39520,123104,65980576
1290,71008,39296,123072,66050912
1291,72448,39616,114816,65948352
1292,72672,39904,120224,65916192
1293,71424,39264,119744,65997664
1294,71392,39712,119584,66083936
1295,72032,39232,119840,65547392
1296,71744,39904,115200,66040832
1297,72352,39200,120672,66189376
1298,71328,39168,123776,56916960
1299,71616,39200,122208,57055712
1300,71424,39520,119008,57099840
1301,72224,39008,116768,57093184
1302,71488,39840,113056,57044736
1303,71392,39360,114432,57113312
1304,71168,39392,120128,57179872
1305,71296,39264,121376,57096704
1306,71296,39328,118176,57173760
1307,71680,39296,117920,57020032
1308,71968,39200,121728,57017888
1309,72704,39136,123328,57055360
1310,73056,39296,122560,57165280
1311,71840,39552,119744,57091360
1312,72480,39328,118880,57033984
1313,71232,39296,118400,57045184
1314,71872,39584,118688,57050208
1315,71584,39488,112064,56894208
1316,71264,39520,119680,57036960
1317,71072,39360,121920,56920640
1318,72000,39200,120096,56892736
1319,71712,39616,117152,56930112
1320,71968,39360,122624,56910848
1321,71264,39648,120096,56839200
1322,71296,39776,113536,56890336
1323,71616,39424,125600,56714176
1324,71936,39520,119200,56549536
1325,71904,39488,121568,56781088
1326,71776,39392,119552,56631104
1327,71776,39616,118560,56489728
1328,72768,39552,119520,56460576
1329,71392,39200,120512,56580000
1330,71456,39264,120704,56526912
1331,71072,39648,115936,56094464
1332,72160,39328,114560,54797056
1333,71840,39264,118592,47700448
1334,72256,39776,113792,47960672
1335,71136,39776,114400,47970976
1336,72864,39520,120384,48082272
1337,71456,39584,119584,48082240
1338,71712,39520,121440,48030016
1339,71616,39232,119776,47933216
1340,72000,39296,121120,47769056
1341,71872,39328,120416,47933088
1342,71808,39424,121344,47832704
1343,72448,39232,119360,47896992
1344,71520,39360,120128,47987392
1345,71520,39360,119712,48087040
1346,72896,40000,120032,47737952
1347,71232,39424,119808,47711232
1348,71872,39328,119136,47661184
1349,71520,39328,120256,48013568
1350,71904,39200,119136,47876800
1351,70912,39584,119968,47936608
1352,72256,39840,117920,47780256
1353,71360,39872,119808,47913760
1354,71808,39424,121824,47911648
1355,71744,39296,116544,47945184
1356,71904,39264,119360,47843360
1357,72608,39264,121280,48161824
1358,71840,39136,121568,47917536
1359,71808,39232,120160,47906400
1360,71648,39488,118880,47993216
1361,72480,39392,118048,47883040
1362,72032,39424,116640,47858400
1363,72128,39424,120064,48066240
1364,71744,39232,121312,47898464
1365,71008,39392,118432,47755424
1366,71584,39264,119712,48224256
1367,71936,39328,119872,47803296
1368,72096,39136,119680,48065216
1369,71328,39232,116672,47953440
1370,71936,39392,118368,47892320
1371,71456,39360,120928,47929408
1372,72224,39744,119648,48118656
1373,71392,39328,119040,47807712
1374,71072,39808,116064,48136992
1375,71616,39424,118464,48112128
1376,72000,39392,119968,47797280
1377,72128,39296,120000,48023712
1378,71936,39584,120000,48065312
1379,71744,39360,120320,48065440
1380,71424,39392,122816,48123840
1381,71744,39264,119584,48010688
1382,71200,39360,118528,48133056
1383,71264,39296,117472,47976544
1384,71488,39424,122112,48013568
1385,71392,39264,117696,47928736
1386,71520,39456,120384,48131680
1387,71904,39456,119872,48247360
1388,71520,39232,121216,48062592
1389,72608,39360,121888,57050464
1390,71520,39392,121664,56973376
1391,71424,39360,118432,56932928
1392,71680,39296,118080,57179712
1393,71680,39200,120992,56789984
1394,71872,39520,121696,57088704
1395,71200,39488,118400,56517184
1396,71360,39808,111680,56674176
1397,71328,39296,119712,56254272
1398,71552,39232,119584,56232032
1399,72192,39200,121472,55692384
1400,71488,39552,120480,55618304
1401,71392,39328,121888,55393664
1402,71840,39264,118944,55445632
1403,71936,39552,113472,55025696
1404,72192,39360,119360,48523232
1405,71616,39456,120960,47727232
1406,71840,39360,121088,47761600
1407,71328,39296,116512,47817984
1408,71200,39328,119712,47688640
1409,71232,39776,117312,46966528
1410,72192,39584,120736,47656096
1411,71136,39328,115872,47059424
1412,71808,39392,117664,47449536
1413,71808,39264,121568,48197312
1414,71456,39744,122304,48008416
1415,71488,39488,119968,56694464
1416,72032,39584,120192,56690400
1417,71488,39392,122208,56685888
1418,71584,39488,120320,57153408
1419,71296,39264,117248,56974912
1420,72192,39200,121408,56939232
1421,71360,39200,119712,56892128
1422,72032,39808,113696,56792864
1423,71456,39296,111840,55974176
1424,71872,39648,120608,56020416
1425,71808,39552,118144,55699648
1426,71296,39840,118816,55471872
1427,72256,39552,119744,55202560
1428,71264,39456,122080,55167104
1429,71296,39072,110016,54616352
1430,71392,39584,118368,48192672
1431,72000,39744,119968,47639552
1432,72064,39872,117440,47677728
1433,71200,39392,118016,47039808
1434,72128,39456,119808,47021280
1435,71616,39296,119360,46894272
1436,72320,39104,121152,47358432
1437,71680,39392,121408,47884128
1438,71968,39264,120224,47656000
1439,71648,39232,122528,48233792
1440,70816,39264,119488,47620704
1441,70816,39296,116288,55726976
1442,71808,39328,119424,55599424
1443,71936,39328,120032,55429216
1444,71200,39328,118912,54904000
1445,72032,39488,115136,54760160
1446,72064,39168,120160,54911488
1447,71264,39296,118784,54639584
1448,71904,39328,117920,54540352
1449,71680,39328,121504,54361088
1450,72928,39296,118816,54328960
1451,72448,39360,119648,54396064
1452,72000,39456,115296,54411264
1453,71424,39424,121056,54419296
1454,71008,39360,119744,54416192
1455,72032,39808,118016,54487872
1456,71520,39264,118336,54536160
1457,71968,39360,119712,54672640
1458,71680,39200,120736,54533440
1459,70912,39872,114528,55068896
1460,71872,39456,118784,55630240
1461,71840,39264,118656,56358848
1462,72608,39232,113952,56646144
1463,70752,39136,113184,57199904
1464,72096,39648,119168,57827584
1465,71488,39392,121536,57767968
1466,72160,39200,117248,65457632
1467,71712,39360,119072,65716672
1468,71904,39232,123296,65913920
1469,73152,39456,119936,65966880
1470,71520,39392,117184,66036640
1471,72512,39360,120864,65940320
1472,71904,39264,121536,65926208
1473,71424,39232,117824,65627360
1474,72672,40096,114656,66071552
1475,71616,39264,117792,65915648
1476,71392,39616,118240,66035712
1477,71744,39328,120672,66162816
1478,71648,39360,118944,56933408
1479,70976,39616,117984,57067744
1480,71424,39360,120064,57123712
1481,72064,39424,120864,57092704
1482,71584,39264,118976,57046784
1483,71584,39168,121536,57103168
1484,72960,39168,112864,57178400
1485,71456,39776,114368,57098144
1486,71808,39264,119968,57229024
1487,71552,39680,119040,57005312
1488,72256,39232,121024,57043008
1489,72160,39328,113568,57094304
1490,71936,39744,113984,57129408
1491,71680,39904,111456,57082880
1492,71552,39232,119648,57053024
1493,71392,39424,122016,57053952
1494,71456,39424,112384,57086336
1495,71808,39296,119136,56917984
1496,71008,39328,118848,57027776
1497,71168,39136,118496,56903968
1498,71776,39136,111776,56892384
1499,71104,39232,117856,56921280
1500,71968,39520,119744,56894368
1501,71552,39424,111392,56855584
1502,71584,39520,119456,56790080
1503,71872,39296,117664,56692864
1504,71232,39424,119296,56565632
1505,71584,39264,110432,56524192
1506,71648,39360,117312,56609600
1507,71072,39232,120000,56476832
1508,71936,39456,118720,56388704
1509,71968,39360,119168,56414848
1510,71872,39392,119232,56507808
1511,71968,39296,117504,56080512
1512,71776,39488,116256,54817184
1513,72128,39264,119072,47994080
1514,72480,39200,117152,47962880
1515,71328,39392,119424,47981696
1516,71840,39520,118976,48073536
1517,71616,39360,122656,48150240
1518,71840,39232,119392,48030624
1519,71616,39200,120736,47966080
1520,71456,39392,119200,47703744
1521,71712,39296,120640,47919904
1522,72000,39072,119008,47843200
1523,71296,39200,121440,47881856
1524,71264,39392,119744,47992096
1525,71104,39584,118272,48087904
1526,71104,39264,117376,47749248
1527,72160,39360,119616,47709792
1528,71808,39872,119360,47685856
1529,71712,39744,116736,48044512
1530,71808,39712,120320,47867360
1531,71456,39712,118624,47967904
1532,71264,39456,117952,47803040
1533,71808,39424,118656,47939552
1534,71648,39488,117568,47935744
1535,71680,39296,118016,47969056
1536,70592,39520,119136,47856352
1537,71776,39328,118240,48186304
1538,72256,39200,121056,47958272
1539,71616,39168,112224,47922208
1540,71520,39232,116352,48003744
1541,71520,39520,118016,47882368
1542,72000,39424,121728,47860320
1543,71520,39456,111968,48067776
1544,71520,39456,113024,47915040
1545,72512,39840,114080,47748128
1546,71648,39296,116256,48224096
1547,71488,39520,120864,47812032
1548,71424,39200,111648,48079232
1549,72544,39456,117248,47957440
1550,71296,39456,118336,47876832
1551,71456,39360,118368,47932864
1552,71936,39264,114944,48114464
1553,71392,39360,117824,48182912
1554,71936,39392,122720,48150688
1555,71648,39232,118112,48134464
1556,71104,39424,118432,47802432
1557,71392,39232,118240,48011808
1558,71264,39744,111776,48091808
1559,71648,39584,118240,48054976
1560,72288,39200,116800,48148896
1561,72480,39648,115296,48003904
1562,71648,39232,118688,48132928
1563,71872,39296,119648,47967264
1564,72608,39392,118208,47956704
1565,72128,39232,119712,47944512
1566,71456,39360,118240,48114400
1567,71744,39232,115872,48220320
1568,71968,39008,112640,48058080
1569,71296,39264,117440,57052672
1570,71200,39200,117600,56951648
1571,72640,39360,118944,56838624
1572,71424,39520,118432,57132416
1573,71776,39392,119584,56797728
1574,71680,39200,117088,57122272
1575,71104,39520,119968,56874176
1576,71296,39488,118304,56668128
1577,72192,39744,117792,56253888
1578,72032,39648,111616,56250784
1579,70688,39808,113376,55688448
1580,71744,39168,117152,55566272
1581,71648,39360,120608,55385920
1582,71552,40000,116096,55446848
1583,70912,39616,118464,55036480
1584,71584,40896,119936,48516256
1585,71392,39232,108608,47726304
1586,71904,39168,109184,47386208
1587,71648,39232,113856,47450144
1588,71168,39328,114880,47296960
1589,71776,39200,108832,46976032
1590,71552,39328,118144,47267744
1591,70976,39840,113408,46692960
1592,71424,40096,113088,47482272
1593,72064,39040,112032,48217600
1594,71456,39360,116512,47630912
1595,71584,39968,115744,56755616
1596,72352,39904,112384,56699776
1597,71104,39552,117568,56331360
1598,72352,39872,112160,57169120
1599,71328,39520,119136,56937056
1600,71520,39232,119392,56911392
1601,70752,39296,117952,56886112
1602,72192,39392,118144,56814016
1603,72192,39456,117792,55962368
1604,71392,39296,119136,56015456
1605,71456,39264,116960,55735296
1606,71360,39520,117280,55506976
1607,72448,39520,119488,55220064
1608,70880,39360,118656,55151328
1609,72512,39456,119840,54596288
1610,71520,39072,115040,48173312
1611,71904,39232,116544,47665120
1612,71904,39232,117216,47662944
1613,71552,39360,118496,47073376
1614,71680,39520,117152,47021696
1615,70944,39200,117984,46909280
1616,72096,39232,117120,47394016
1617,71328,39456,116544,47870976
1618,71552,39584,115424,47650656
1619,71648,39392,116928,48221984
1620,72256,39360,119136,47612352
1621,71936,39616,115456,55732352
1622,71648,39456,119328,55547328
1623,71488,39840,117664,55425408
1624,71520,39520,116608,54904224
1625,72192,39392,115776,54737856
1626,71584,39200,110208,54927424
1627,71744,39264,118720,54651008
1628,72480,39296,116992,54237088
1629,72608,40672,114144,54376128
1630,72224,39616,120992,54316160
1631,71904,39264,117056,54392128
1632,71456,39808,119232,54386880
1633,71616,39776,110432,54432768
1634,71360,39104,110848,54421216
1635,72288,39264,119168,54473984
1636,72160,39456,116832,54537856
1637,71616,39296,116896,54681664
1638,72160,39264,116800,54868576
1639,70912,39392,117760,55008224
1640,72128,40128,109120,55613664
1641,71744,39872,111392,56356960
1642,71680,39520,117312,56616992
1643,72000,39328,116896,57198432
1644,71552,39328,114880,57887552
1645,72128,39456,116544,57742048
1646,72320,39296,115584,65455424
1647,71456,39584,116224,65716160
1648,71648,39360,115264,65945632
1649,73408,39392,115072,65968096
1650,71360,39296,108896,66009440
1651,71360,39168,109728,66026048
1652,71840,39648,111936,65929152
1653,71456,39648,118688,66008512
1654,72032,39296,115776,66090112
1655,71968,39424,116736,65920864
1656,71712,39584,117024,66046016
1657,71936,39328,117152,66184928
1658,71840,39296,117408,56959360
1659,72128,39264,118432,57347296
1660,71424,39392,117760,57096768
1661,72096,39200,117408,57084768
1662,72064,39616,118208,56675520
1663,70528,39840,110400,57100352
1664,71232,39520,117120,57184160
1665,71776,39296,117984,57102208
1666,72192,39424,117248,57234624
1667,71680,39488,114336,57007488
1668,71808,39488,117344,56997824
1669,72096,39360,115456,57080704
1670,71520,39488,115808,57234080
1671,72512,39360,119168,57094656
1672,71648,39264,115872,57133216
1673,71488,39360,117696,57067104
1674,72416,39488,116864,57008576
1675,71136,39520,119392,56977888
1676,71200,39360,110624,57148608
1677,72640,39520,113664,56960512
1678,71840,39488,117344,56954240
1679,72544,39392,118656,56947904
1680,72064,39392,115424,56953184
1681,71616,39296,117600,56477536
1682,71424,39264,111744,56847040
1683,71744,39456,108576,56742368
1684,71936,39488,116000,56536384
1685,72128,39360,116032,56781760
1686,70496,39424,112800,56670112
1687,71488,39296,115360,56497440
1688,72672,39232,117568,56368192
1689,71392,40032,117472,56453952
1690,71840,39296,116864,56518336
1691,71840,39584,117888,56119360
1692,71392,39264,117248,54389600
1693,72160,39936,111296,48088832
1694,71424,39840,115552,47937984
1695,71392,39296,119296,47980704
1696,71296,39392,110304,48079200
1697,71328,39104,116192,48121440
1698,72608,39744,115872,48010688
1699,71680,39296,116320,47927008
1700,72352,39520,119456,47716096
1701,71264,39424,118048,47890496
1702,70560,39328,119424,47834496
1703,71872,39392,118624,47868832
1704,70880,39520,115744,47998368
1705,72096,39616,116480,48068768
1706,72480,39584,109248,47733024
1707,72128,39616,117536,47715104
1708,71616,39296,114272,47662752
1709,72384,39360,117760,48007936
1710,71648,39264,117952,47878208
1711,71488,39328,117696,47908576
1712,72576,39392,116736,47784288
1713,72480,39392,117984,47933664
1714,71232,39360,116256,47931808
1715,71424,39360,117024,47977568
1716,71456,40096,112288,47898336
1717,70912,40000,111424,48192224
1718,73024,39648,113376,47932128
1719,72096,39296,115552,47914368
1720,71712,39392,120384,47986464
1721,72544,39392,116768,47897184
1722,71872,39264,119904,47873696
1723,71712,39488,117376,48056224
1724,72224,39360,117952,47907488
1725,72000,39264,116640,47761536
1726,72384,39872,108704,48250592
1727,72000,39296,119008,47803040
1728,71584,39232,117696,48077984
1729,71552,39552,116672,47951232
1730,70656,39424,117216,47930016
1731,71840,40224,116672,47938272
1732,72288,39680,115392,48113952
1733,71616,39616,115968,48200064
1734,71328,39552,118656,48124320
1735,70880,39392,115648,48112320
1736,72544,39584,111360,47801408
1737,72448,39424,117856,48016640
1738,71552,39296,116608,48066912
1739,71392,39360,116448,48077824
1740,71520,39424,118080,48131552
1741,71968,39360,115520,48004320
1742,71168,39232,115200,48124320
1743,71488,39264,118432,47968832
1744,71264,39360,117696,47984544
1745,71808,39520,113952,47937568
1746,71168,39072,114336,47752704
1747,70944,39168,112608,48246336
1748,70880,39776,114304,48063680
1749,71104,39200,111840,57064256
1750,71392,39104,110400,56970560
1751,71776,39168,109856,56890848
1752,72032,39488,115296,57124928
1753,71552,39424,116640,56785216
1754,72288,39392,116256,57002944
1755,72096,39552,118784,56834048
1756,72512,39392,119776,56671968
1757,71648,39232,115392,56250528
1758,71328,39200,108448,56250336
1759,71072,39264,118208,55685728
1760,71040,39552,115936,55590336
1761,71456,39296,118400,55399616
1762,71936,39360,116160,55361472
1763,72064,39456,116064,55016864
1764,71936,39424,111840,48535584
1765,71520,39264,116576,47709472
1766,72320,39296,118496,47770080
1767,71744,39264,110976,47815264
1768,70912,39232,118080,47689408
1769,73184,39296,119072,46954752
1770,71680,39328,119104,47651808
1771,71904,39296,115264,47060800
1772,71456,39552,118752,47470976
1773,72128,39392,116128,48212544
1774,71552,39488,117792,48016864
1775,71680,39200,116000,56712256
1776,71872,39232,119136,56665376
1777,72032,39200,118304,56665760
1778,71584,39552,116992,57115552
1779,71296,39296,117696,57026400
1780,71264,39456,116448,56537696
1781,71968,40256,112320,56844000
1782,71616,39520,117344,56796064
1783,71648,39264,119680,55945184
1784,71328,39328,118304,55931104
1785,73536,39264,115328,55720736
1786,71264,39552,119264,55443712
1787,71616,39552,116896,55187808
1788,71424,40032,115328,55158176
1789,72608,39584,119200,54606496
1790,71840,39360,114592,47800160
1791,71616,40160,113024,47662400
1792,71072,40000,111776,47656960
1793,71936,39776,110048,47049600
1794,71328,40128,112160,47018240
1795,71584,39616,110112,46844992
1796,70656,40320,114752,47388224
1797,70816,39520,113312,47881056
1798,71488,39808,109344,47647392
1799,71712,39904,111936,48255680
1800,72032,40032,113024,47624032
1801,71808,39808,117280,55715968
1802,71840,39392,119328,55507264
1803,72224,39296,114976,55048512
1804,71136,39808,110464,54886016
1805,71712,39616,118848,54715712
1806,70816,39040,117952,54897408
1807,71552,39168,117632,54669024
1808,72000,39456,117920,54578656
1809,71904,39520,119232,54362592
1810,71872,39424,118592,54352352
1811,72896,39232,117696,54404448
1812,71680,39232,110720,54421824
1813,71712,39232,110272,54443712
1814,71872,39072,109312,54434400
1815,71168,39904,113088,54505344
1816,71744,39360,117312,54532672
1817,72480,39424,117728,54668640
1818,71712,39904,117600,54898208
1819,71328,39264,109696,55059008
1820,71392,39296,112896,55634336
1821,71968,39296,116832,56364384
1822,71680,39360,119776,56651488
1823,71616,39296,115296,57155904
1824,71072,39296,119296,57851136
1825,71488,39296,118112,57754624
1826,71200,39520,107008,65511520
1827,71040,39296,108672,65743072
1828,71360,40032,111808,65947424
1829,72224,39872,111104,65931200
1830,72064,39520,115712,66020128
1831,72064,39456,115584,65979520
1832,71360,39200,117280,65930496
1833,71520,39616,118208,65999392
1834,71296,39520,115968,66034496
1835,72000,39616,110176,65898624
1836,72256,39424,109024,66047584
1837,70688,40352,109760,66188032
1838,72288,39296,109312,56971264
1839,71808,39520,118720,57070880
1840,71712,39424,114944,57085600
1841,72192,39232,117792,57041536
1842,72544,39424,118592,57049344
1843,72064,39680,109760,57061856
1844,71104,39392,112064,57171840
1845,72096,39328,116448,57116768
1846,72480,39456,119360,57138880
1847,71328,39296,116512,56987008
1848,73024,39232,110272,57194496
1849,70528,39776,112736,57057920
1850,72128,39488,120576,57141152
1851,71200,39328,117664,57043456
1852,71904,39456,116768,57193760
1853,71840,39392,113632,57026432
1854,71968,39360,116608,57014560
1855,72128,39296,120032,56918080
1856,72608,39712,115296,57081472
1857,71520,39360,116224,56946496
1858,71936,39552,114688,56903296
1859,71488,39264,117728,56929664
1860,71808,39232,117184,56919712
1861,71616,39296,115232,56871008
1862,71744,39232,115968,56776992
1863,71328,39424,115616,56688544
1864,71872,39360,113728,56148576
1865,71616,39872,109984,56509472
1866,72384,39328,111584,56638336
1867,72672,39584,117856,56470080
1868,72032,39232,120000,56370208
1869,71648,39456,117760,56431776
1870,71424,39232,117952,56486208
1871,72160,39552,118464,56130048
1872,71136,39808,110560,55003904
1873,71520,39264,117536,47991424
1874,71872,39232,117056,47973632
1875,71296,39264,119040,47969216
1876,71424,39264,116064,48076768
1877,70528,39520,116736,48121216
1878,71808,39392,116608,47984096
1879,71456,39136,117792,47947168
1880,71264,39424,117792,47362432
1881,71232,39360,111264,47886432
1882,71680,39648,111584,47837984
1883,70688,40192,113984,47890272
1884,72800,39488,115328,47609952
1885,71648,39456,111520,48074272
1886,71744,39264,117984,47721600
1887,71872,39424,116384,47757088
1888,72512,39200,116704,47651488
1889,72288,39296,117184,48015008
1890,71808,39232,117984,47888224
1891,71648,39232,115968,47936032
1892,71264,39168,111296,47788160
1893,71904,39456,117152,47915904
1894,72320,39296,115008,47935488
1895,72288,39232,116320,47958752
1896,71904,39424,117440,47853664
1897,71712,39520,118112,48180224
1898,71808,39136,117248,47928160
1899,71680,39200,114976,47912128
1900,72512,39392,117056,47967392
1901,71008,39648,116384,47879936
1902,70432,39648,107712,47898272
1903,72160,39232,117376,48072192
1904,71744,39424,118240,47919168
1905,71456,39424,116064,47758592
1906,71552,39360,119488,48232800
1907,72160,39360,117120,47813152
1908,71840,39232,116928,48069984
1909,71104,39392,115200,47927040
1910,71648,39296,115904,47866144
1911,71904,39392,116800,48076448
1912,71168,39744,110528,48075488
1913,71712,39392,116096,48198560
1914,71680,39264,119712,48125312
1915,72416,39232,118304,48116672
1916,71264,39552,117888,47812864
1917,71456,39776,115808,47999136
1918,71552,39648,116032,48068864
1919,71584,39328,118208,48079104
1920,71296,39584,117408,48130176
1921,71744,39168,115936,47650912
1922,71040,39776,111840,48150784
1923,71040,39776,110848,47980576
1924,71520,39232,118592,47975008
1925,71552,39392,117760,47940320
1926,71072,39520,115296,48114400
1927,72256,39296,117152,48252960
1928,71872,39712,119488,48055072
1929,71584,39392,117888,57076608
1930,71104,39840,113920,56951552
1931,71008,39296,118144,56803200
1932,71808,40096,109632,57316672
1933,71424,39232,110112,56781504
1934,72512,39872,118368,57189856
1935,71296,39584,115200,56867392
1936,71552,39680,115232,56696416
1937,72928,39360,117536,56273280
1938,72416,39616,118208,56281568
1939,71456,39520,117152,55702816
1940,71552,39264,115616,55536352
1941,72288,39296,116192,55438688
1942,71904,39712,111776,55427360
1943,71968,39264,115296,55039264
1944,71936,39392,117728,48502560
1945,72416,39936,113376,47732160
1946,72320,39264,110208,47733344
1947,70560,39488,115744,47807616
1948,71584,39520,114592,47672736
1949,71520,39584,116640,46954560
1950,71264,39296,119584,47644704
1951,73248,39232,114528,47104448
1952,72832,39680,111136,47494528
1953,71584,39264,120896,48232608
1954,71520,39616,117088,48002016
1955,71936,39296,114368,56747296
1956,71616,39584,115232,56697376
1957,71712,39296,117664,56688032
1958,71296,40064,111712,57161920
1959,72352,39264,114720,56945312
1960,72512,39744,114976,56939328
1961,72576,39040,109088,56905696
1962,71776,39200,110112,56449472
1963,72000,40224,112512,55946272
1964,70784,39744,111232,56014400
1965,71712,39648,116768,55332192
1966,71744,40064,110752,55508320
1967,71808,39296,115840,55198144
1968,72544,39488,117888,55143424
1969,71936,39328,114976,54603808
1970,72032,39328,116480,48177728
1971,72800,39616,111968,47677408
1972,71744,39296,113568,47688256
1973,71552,39328,118112,47054272
1974,71776,39520,116992,47035840
1975,73152,39168,116320,46908640
1976,71712,39488,117952,47377536
1977,71744,39200,119488,47872192
1978,72032,39296,115488,47663936
1979,71488,39616,119136,48240160
1980,71392,39264,117792,47631680
1981,73024,39776,110432,55762240
1982,71840,39808,115360,55614880
1983,71968,39136,117952,55422848
1984,71872,39136,112768,54840832
1985,71744,39296,116864,54722688
1986,72224,39264,120448,54917664
1987,71520,39808,117280,54646592
1988,71968,39232,115040,54587328
1989,71840,39264,116416,54353248
1990,71392,39264,116384,54324864
1991,71168,40000,111648,54417504
1992,72032,39296,116224,54413280
1993,72000,39360,116096,54416960
1994,71424,39744,116224,54050624
1995,70944,39232,112480,54464864
1996,71904,39424,118432,54539136
1997,71744,39328,116864,54713056
1998,72416,39296,118112,54888032
1999,71712,39296,115808,55062880
2000,72224,39200,117216,55619488
2001,71040,39808,110144,56364096
2002,71488,39776,117248,56630816
2003,71872,39232,118464,57184032
2004,72288,39680,118336,57838208
2005,71712,39200,116704,57769536
2006,71744,39584,114592,65089440
2007,72288,39968,112448,65340576
2008,71296,39872,113088,65910464
2009,71488,39456,115648,65993536
2010,72640,39488,116512,66046592
2011,71136,39008,113376,65981248
2012,72704,39712,118720,65918784
2013,71648,39328,117696,66005920
2014,71136,39328,116704,66089376
2015,72096,39328,117792,65919104
2016,72128,39296,115840,66008352
2017,71424,39168,111072,66187584
2018,72096,39296,115680,56924672
2019,71456,39392,117024,57034208
2020,72192,39296,116192,57111040
2021,70720,40096,110240,57073728
2022,70944,39296,112544,57057088
2023,73024,39520,118048,57082080
2024,72288,39488,118688,57165472
2025,71072,39168,116256,57105056
2026,71936,39360,117376,57218176
2027,71776,39296,116480,57002176
2028,71712,39232,118176,56625408
2029,71296,40032,109440,57062336
2030,71872,39488,115360,57135168
2031,70848,39904,110496,57088288
2032,71616,39264,116576,57125024
2033,71968,39264,116320,57054208
2034,71872,39296,114784,57062624
2035,71584,39552,114720,56655456
2036,71584,39232,108768,57149408
2037,71360,39424,115808,56976000
2038,72000,39520,117728,56931104
2039,71328,39232,118624,56926592
2040,71264,39968,114912,56953856
2041,70848,39744,114336,56870304
2042,71776,39520,117760,56471072
2043,71328,40320,111936,56717824
2044,71456,39328,115200,56534944
2045,70784,39296,115072,56736320
2046,71712,39488,116704,56603744
2047,72384,39424,116256,56478752
2048,71744,39360,116192,56474784
2049,72160,39584,115488,56571584
2050,71872,39328,114848,56543296
2051,71808,39488,110080,56112608
2052,70848,39104,110912,54772224
2053,71424,39360,116896,48063648
2054,71712,39296,116352,47961952
2055,71392,39328,117024,47593664
2056,72704,40000,110272,48092480
2057,71584,39648,112544,47762240
2058,72288,39712,110400,48065600
2059,71808,39680,108256,47618432
2060,72160,39328,112320,47411008
2061,71200,39968,110336,47944288
2062,71808,39392,114816,47873920
2063,71456,39360,117856,47502336
2064,72256,39456,113056,48011872
2065,73888,39264,115520,47698272
2066,71424,40032,111456,47725248
2067,71456,39328,118272,47333728
2068,71616,39776,114368,47293600
2069,71520,39808,111200,47653120
2070,72000,39392,108864,47904640
2071,71584,39552,116320,47581376
2072,72000,40000,108480,47787872
2073,71936,39328,116960,47923008
2074,71744,39232,116704,47556224
2075,72288,40160,111200,47975680
2076,72096,39328,117152,47454208
2077,72032,39488,112032,47801248
2078,71392,39744,109984,47962848
2079,71200,39552,117696,47560640
2080,71968,40096,109824,48006656
2081,71584,39360,117056,47510464
2082,71488,39840,113600,47509984
2083,71680,40032,110592,48034816
2084,72512,39200,117504,47537472
2085,71744,39840,111232,47784480
2086,71936,39296,115264,48217440
2087,71232,39328,113504,47787904
2088,71808,40064,116352,48067136
2089,70720,39296,116544,47536832
2090,71136,39264,111648,47921568
2091,71840,39776,112192,47948576
2092,71616,39264,108128,48118080
2093,71232,39264,114624,47805024
2094,71008,39200,110272,48146624
2095,71872,39200,111552,48122048
2096,71968,39616,117728,47785184
2097,72192,39232,116928,48007872
2098,72608,39776,117952,48046272
2099,72064,39360,116352,48052960
2100,71872,39168,109248,48129632
2101,71424,39424,117088,47999136
2102,72256,39520,121504,48124576
2103,71840,39456,114912,47976576
2104,71392,39392,114944,47971552
2105,71616,39296,115488,47934144
2106,71648,39392,115744,48117376
2107,71616,39424,113856,48246848
2108,72320,39200,114848,48063296
2109,71552,39648,114816,57043296
2110,71680,39744,109984,56958880
2111,71616,39232,112512,56755808
2112,71936,39232,116192,57146656
2113,72736,39776,117504,56753408
2114,72032,39456,118784,57070240
2115,72672,39520,116416,56851168
2116,72992,39584,116544,56642944
2117,71648,39648,114336,55885888
2118,72768,39776,112096,56231488
2119,72256,39328,116480,55678528
2120,71776,39872,109664,55655872
2121,72480,39488,107712,55023328
2122,72352,39040,109984,55454240
2123,71200,39744,115296,54642432
2124,71680,39520,111488,48511840
2125,71168,39552,115040,47730528
2126,71968,40064,115360,47751872
2127,71232,39360,117248,47803648
2128,71904,39520,115136,47670592
2129,71680,39232,115712,46967520
2130,71968,39232,116576,47645088
2131,72000,39392,117440,47059680
2132,71968,39776,117248,47445472
2133,71872,39328,115648,48209056
2134,71392,39488,115744,48011872
2135,70816,39392,114880,56708288
2136,71520,39520,115616,56715616
2137,70976,39424,116224,56686816
2138,71648,39232,115712,57117920
2139,72704,39328,118976,56942240
2140,71808,40128,115424,56932448
2141,72000,39712,117184,56869312
2142,71904,39552,115456,56776768
2143,71680,40352,116960,55942720
2144,71424,39584,115776,56012672
2145,72320,39936,120128,55656576
2146,72128,39200,116480,55483968
2147,71200,39360,108512,55192672
2148,72096,39264,115776,55140992
2149,72032,39072,117696,54236768
2150,71840,40064,111552,48189504
2151,71680,39520,113856,47653408
2152,71584,39328,117984,47672928
2153,71744,39168,117408,47054624
2154,70720,39808,116672,47044288
2155,71264,39360,115264,46910336
2156,71648,39296,118240,47349952
2157,72096,39488,116608,47856960
2158,71328,39328,116320,47664352
2159,71872,39232,116512,48242848
2160,72064,39424,114560,47623808
2161,71872,39392,117344,55738560
2162,74752,40000,118240,55608960
2163,73248,39328,113792,55420544
2164,71232,39776,116704,54877728
2165,71712,39808,113504,54764832
2166,71264,39328,116256,54931744
2167,71648,39616,114976,54644768
2168,71744,39616,116384,54606528
2169,72608,39360,115328,54359744
2170,71648,39296,116160,54325792
2171,71584,39776,115936,54385568
2172,71456,39264,115232,54382752
2173,71296,39328,114112,54415520
2174,71648,39360,121568,54412320
2175,71264,39232,115424,54478336
2176,72384,39168,118304,54162112
2177,71232,39712,110368,54697600
2178,71392,39520,114304,54873344
2179,71552,39168,114752,55053952
2180,71136,39104,109408,55246496
2181,71648,40000,112096,56371008
2182,71776,39264,115648,56615968
2183,71840,39328,114496,57203520
2184,71616,39424,116768,57840000
2185,72160,39264,115232,57739552
2186,70656,39648,114784,65468960
2187,71840,39712,116672,65712064
2188,71616,39328,117152,65909088
2189,71776,39744,117408,65953600
2190,71648,39200,116448,65982976
2191,71648,39680,116000,65994400
2192,71680,39200,114304,65931392
2193,71808,39360,117344,66013920
2194,71360,39296,116928,65693856
2195,72192,39040,113888,65914016
2196,71840,39296,117472,66027616
2197,72160,39264,116192,66196960
2198,71904,39552,116768,56914752
2199,71968,39200,116832,56898656
2200,72640,39200,111360,57097824
2201,71968,39232,114432,57074080
2202,71520,39232,118784,57029920
2203,72160,39264,117120,57084960
2204,71648,39264,115264,57177248
2205,73056,39264,118240,57100576
2206,72288,39328,116288,56846720
2207,71456,39808,113216,57009152
2208,71648,39200,114976,57074656
2209,71776,39488,115072,57090048
2210,71488,39616,115744,57228448
2211,71872,39296,117152,57022368
2212,71680,39456,115840,57109152
2213,72032,39616,115360,56684768
2214,70944,39232,108416,57097376
2215,71616,39616,115968,56964320
2216,72128,39264,117024,57084704
2217,71328,39456,116992,56912928
2218,71552,39232,115744,56898464
2219,71136,40128,112832,56949408
2220,71968,39264,110560,56916672
2221,71776,39680,107936,56831104
2222,71968,39264,117280,56837120
2223,72416,39200,114944,56703744
2224,72032,39072,115872,56556480
2225,71808,39456,118560,56797408
2226,71552,39328,115424,56629408
2227,71872,39360,115264,56453984
2228,72192,39264,114016,56473312
2229,71232,39328,111072,56630592
2230,71840,39392,111584,56499840
2231,72608,39616,108992,56104320
2232,71616,39552,114688,54767936
2233,71296,39520,109984,48085280
2234,71520,39264,116704,47960864
2235,72864,39360,116224,47978560
2236,71584,39424,115296,48100928
2237,71520,39264,115424,48155872
2238,72320,39424,117952,48011008
2239,71328,39232,113632,47956832
2240,72544,39488,117248,47689248
2241,72288,39296,117536,47913952
2242,71616,39744,117184,47870624
2243,71616,39680,116928,47880640
2244,71392,39648,116192,47987968
2245,72096,39680,115904,48080832
2246,72000,39488,116768,47745056
2247,71552,39488,115392,47706784
2248,71200,39648,116576,47677440
2249,71904,39360,116384,48020672
2250,71456,39584,117472,47871168
2251,72224,39360,117696,47955872
2252,72352,39328,118336,47786272
2253,71744,39296,120032,47922016
2254,71552,39584,114336,47912256
2255,71296,39328,115072,47957248
2256,71936,39392,118816,47856256
2257,71808,39264,118528,48179264
2258,71840,39552,118464,47966624
2259,71936,39360,113824,47918784
2260,71744,39360,114624,47981472
2261,71232,39776,116832,47890432
2262,71584,39392,116928,47867328
2263,72032,39520,116256,48073312
2264,71552,39168,115488,47911840
2265,71552,39488,114592,47765216
2266,72800,39424,116032,48223136
2267,71520,39456,117408,47818208
2268,71584,39424,115936,47710336
2269,73792,39552,110432,47913152
2270,71840,40288,113760,47874944
2271,72096,39328,116832,48078272
2272,71552,39232,118656,48124960
2273,72032,39712,116448,48168704
2274,71904,39392,117312,48137536
2275,72000,39456,115520,48123808
2276,71552,39872,115040,47783648
2277,72288,39456,115360,47999328
2278,71360,39264,116928,48105056
2279,71776,39296,113760,48080960
2280,71488,40000,117120,48111136
2281,71872,39456,116128,47996160
2282,71872,39584,116608,48129184
2283,72320,39488,115264,47968000
2284,71264,39296,115360,47981536
2285,71648,39264,114912,47941568
2286,71296,39456,117760,48120512
2287,71712,39264,116448,48250624
2288,71456,39232,117920,48066272
2289,71712,39680,115936,57029088
2290,71360,39232,115328,56946784
2291,71840,39296,114112,56809472
2292,72320,39264,109184,57141280
2293,71456,39648,116128,56759168
2294,71136,39360,115552,57030144
2295,72096,39264,113536,56881152
2296,72320,39232,116768,56640864
2297,71328,39360,116864,56220512
2298,72000,39328,116896,56225248
2299,71136,39520,118016,55672768
2300,70976,39264,117408,55575648
2301,71616,39520,117824,55395264
2302,72576,39328,116256,55433728
2303,71424,39712,118304,55023680
2304,72064,39392,117152,48514912
2305,71808,39328,117600,47718720
2306,72384,39552,118144,47760096
2307,72032,39232,115488,47812000
2308,71616,39328,115616,47676896
2309,71040,39840,112192,46961984
2310,71616,39264,114976,47651168
2311,71584,39392,117824,47060096
2312,71296,39296,115232,47446080
2313,71904,39520,115552,48211936
2314,71520,39360,116992,48006624
2315,71872,39232,116768,56755648
2316,71424,39424,119200,56702272
2317,71616,39488,117088,56687200
2318,71680,39424,114944,57183328
2319,71520,39168,108128,56974880
2320,71424,39264,110656,56920512
2321,71328,39328,108000,56897376
2322,71872,39264,117408,56794112
2323,71808,39232,112704,55951168
2324,72160,39424,114304,55944224
2325,72128,39424,116032,55698272
2326,71264,39360,114784,55454720
2327,71456,39264,115232,55208608
2328,71232,39360,116544,55162816
2329,71424,39456,116128,54612480
2330,71904,39552,116064,48216768
2331,72224,39232,117088,47672576
2332,72256,39232,114656,47679552
2333,71200,39232,115584,47059072
2334,72064,39424,117216,47029280
2335,72288,39456,116576,46910976
2336,72192,39264,115488,47372864
2337,71456,39520,112384,47847328
2338,71456,39264,116064,47689600
2339,71648,39232,117152,48248128
2340,71744,39200,115616,47645024
2341,72512,39488,112832,55748064
2342,71392,39456,106752,55602432
2343,71104,39264,116320,55422816
2344,71520,39232,115648,54847424
2345,71168,39552,116896,54748160
2346,71616,39744,116224,54544480
2347,72192,40544,110976,54700448
2348,71808,39392,118048,54605568
2349,71808,39808,117696,54416832
2350,71616,39456,115584,54329792
2351,72384,39360,116288,54393184
2352,71072,39552,114240,54404768
2353,72224,39264,115232,54417152
2354,72032,39328,115392,54434880
2355,71712,39232,116192,54475936
2356,71616,39392,112672,54547392
2357,71520,39392,115744,54699040
2358,71872,39328,116416,54536512
2359,71040,39744,110912,55053792
2360,71616,39712,116800,55616384
2361,72096,39360,115968,56347968
2362,72608,39264,116000,56623840
2363,71360,39264,115776,57196384
2364,71680,39296,115200,57869824
2365,71872,39328,116992,57761120
2366,72544,39648,116800,65483776
2367,71328,39264,113120,65714656
2368,72448,39328,116096,65923744
2369,71104,39392,115424,65966560
2370,71488,39328,115552,66024608
2371,71232,39616,114176,65976992
2372,71744,39200,114720,65929888
2373,71232,39488,115200,65990432
2374,71072,39200,109888,66097184
2375,71040,39360,117504,65925760
2376,72000,39168,116224,66014784
2377,71712,39424,114144,66195776
2378,72000,39360,114208,56933344
2379,71840,39424,117792,57363328
2380,72640,39264,117056,57117152
2381,72352,39296,115584,57065504
2382,71584,39648,114848,57043520
2383,72032,39264,116064,57081984
2384,71648,39360,116800,56797984
2385,71904,39168,110688,57103744
2386,71648,39264,115648,57234432
2387,72544,39200,116256,57023168
2388,71712,39424,112224,57007040
2389,72064,39744,117984,57059904
2390,71712,39424,115776,57127168
2391,71424,39456,110560,57071840
2392,71520,39296,117696,57148192
2393,72224,39392,118688,57035040
2394,71520,39360,115200,57012512
2395,72096,39200,114048,56899648
2396,71936,39680,115360,57079104
2397,72064,39424,115456,56942272
2398,72064,39648,113856,56930528
2399,70848,39296,116928,56890816
2400,71616,39136,114784,56905280
2401,71360,39392,115328,56841632
2402,70912,39296,116640,56864512
2403,72448,39296,116896,56711200
2404,71872,39424,116128,56569504
2405,71456,39520,117664,56447296
2406,70944,39808,112064,56638528
2407,71616,39328,113696,56445344
2408,70848,39232,113376,56487520
2409,71840,39392,114656,56605760
2410,71008,39296,113664,56490240
2411,71776,39744,115456,56081568
2412,71648,39360,117440,54793440
2413,71712,39360,113984,48080768
2414,71520,39456,113376,47975328
2415,72064,39264,116832,47989984
2416,71008,39488,118336,48105344
2417,71520,39552,114624,48129216
2418,71264,39392,114144,48084256
2419,72000,39584,116064,48002592
2420,71744,39840,117408,47793792
2421,71392,39232,116768,47938240
2422,71712,39616,117248,47838240
2423,71296,39328,115072,47891264
2424,71552,39328,116864,48004576
2425,71232,39232,116384,48061824
2426,72000,39296,116064,47747200
2427,72064,39424,116416,47706304
2428,71936,39904,116032,47701952
2429,71648,39264,113760,48049088
2430,71296,39488,116736,47854560
2431,71872,39296,115200,47921440
2432,71808,39232,117792,47800736
2433,71552,39456,117024,47942944
2434,71872,39296,115232,47938848
2435,71424,39264,118336,47960448
2436,71968,39360,114944,47943584
2437,71328,39552,116928,48180128
2438,72128,39168,114240,48018016
2439,72160,39296,115040,47943872
2440,72448,40128,117824,47992192
2441,72128,39584,115232,47889152
2442,71488,39424,115072,47900608
2443,72608,39200,113248,48084192
2444,71296,39328,114272,47529632
2445,70976,39392,109152,47818816
2446,72160,39872,111328,48246432
2447,72160,40064,111328,47874464
2448,72896,39936,115232,48069696
2449,71296,39360,115552,47879712
2450,72544,39872,117600,47891040
2451,71872,39520,117696,48073696
2452,72672,39264,116416,48110912
2453,71840,39488,116064,48178752
2454,71744,39328,115616,48139360
2455,70976,39488,120320,48103616
2456,71616,39424,115104,47777664
2457,71072,39648,111200,48003456
2458,72000,39360,115456,48106112
2459,71520,39200,114560,48092160
2460,72192,39296,114144,48139968
2461,71648,39776,115680,47998752
2462,71968,39648,116384,48134336
2463,71424,39328,115744,47983008
2464,71968,39296,116832,47966368
2465,72384,39232,113504,47929792
2466,72480,39648,116992,48116032
2467,72128,39200,109888,48255776
2468,71712,39712,118656,48074944
2469,71200,39360,115936,57051360
2470,71136,39392,116320,56970656
2471,72128,39360,115104,56833088
2472,73536,39776,114528,57145536
2473,71328,39424,108128,56805408
2474,71488,39232,114880,57074240
2475,71264,39200,115360,56874464
2476,71072,39424,114656,56663104
2477,72000,39232,111232,56231072
2478,72000,39424,114656,56208800
2479,71456,39296,117024,55696128
2480,71392,39712,113440,55563968
2481,71456,39360,117312,55376128
2482,71520,39360,117728,55431744
2483,71360,39392,116864,55072928
2484,71328,39648,114816,48509952
2485,71616,39168,116512,47720608
2486,72480,39328,114336,47757024
2487,70848,39744,110304,47821696
2488,71808,39552,115584,47654240
2489,72128,39296,115456,46972992
2490,72544,39584,116608,47643456
2491,71456,39168,116768,47058048
2492,72000,39488,114016,47441472
2493,72032,39552,115136,48199104
2494,71936,39840,113920,48006144
2495,72320,39392,115552,56758944
2496,71936,39328,115616,56694816
2497,71424,39232,109184,56715520
2498,71456,39744,110304,57165600
2499,72064,39392,107584,56964096
2500,71552,39296,114560,56928352
2501,72000,39232,117536,56883744
2502,71040,39680,115296,56794592
2503,71712,39648,117728,55960832
2504,71456,39328,115584,55962816
2505,71104,39616,115968,55692480
2506,72288,39360,117760,55487872
2507,71968,39392,115200,55208448
2508,72192,39552,115680,55160928
2509,72032,39296,116960,54600480
2510,72224,39328,115040,48199296
2511,71584,39552,116384,47651808
2512,71840,39520,116416,47678880
2513,72576,39360,116512,47069632
2514,71424,39200,115776,47044672
2515,71776,39232,115456,46890432
2516,72288,39296,114272,47358784
2517,71936,39424,114176,47864256
2518,71776,39552,115264,47653984
2519,72192,39200,113440,48239264
2520,72288,39424,116448,47620448
2521,71328,39616,116576,55747040
2522,71808,39360,117888,55600064
2523,71552,39264,113536,55422240
2524,71968,39264,113504,54847904
2525,72160,39168,115648,54732640
2526,71968,39872,114880,54916128
2527,72096,39264,115392,54651808
2528,71232,39456,116320,54573536
2529,72672,39232,115872,54394816
2530,72256,39296,116704,54370176
2531,71456,39232,114976,54395520
2532,72960,39904,116832,54390496
2533,72192,39520,109632,54436288
2534,72416,39616,109920,54396640
2535,71776,39232,117888,54485472
2536,72768,39424,118336,54547296
2537,71936,39232,115616,54713088
2538,71488,39200,115936,54862080
2539,71104,39936,115744,55016608
2540,72128,39168,114944,55619776
2541,70816,39776,110208,56365504
2542,71424,39648,109440,56628128
2543,72640,39200,115136,57213184
2544,72864,39520,115040,57891424
2545,72288,39296,109184,57360128
2546,71904,39264,111488,65481600
2547,72064,39296,115424,65713952
2548,72256,39936,116000,66040960
2549,72064,39360,116768,66000416
2550,71264,39520,114496,66023168
2551,73440,39328,108800,66001248
2552,72000,40192,110656,65930464
2553,71488,39648,115744,66026336
2554,72224,39776,116256,66100896
2555,70624,39616,115104,65948512
2556,71904,39808,109888,66053312
2557,71072,39264,112000,66237632
2558,72224,39392,115712,56947744
2559,72128,39424,116704,57060960
2560,71552,39328,117248,57112192
2561,71904,39264,116224,57071488
2562,71616,39296,115360,57047392
2563,71840,39232,117984,57079648
2564,71488,39232,114304,57161280
2565,71616,39296,119840,57092960
2566,71328,39872,110752,57251360
2567,71008,39264,115744,57020576
2568,71616,39616,114752,57036608
2569,71552,39200,116320,57061664
2570,71968,39200,112224,57144288
2571,72288,39392,118240,57085600
2572,71584,39136,118144,57075200
2573,71616,39456,114080,57055232
2574,71168,39424,112768,57060128
2575,71712,39424,117664,56912224
2576,70752,39200,109984,57076480
2577,72032,39360,114016,56939328
2578,71456,39328,114816,56930048
2579,71520,39360,115808,56933664
2580,71616,39424,114496,56923456
2581,72352,39296,116896,56835968
2582,71456,39488,117184,56845472
2583,71072,39424,108064,56732896
2584,71744,39584,116288,56568896
2585,71136,39328,113120,56766400
2586,71584,39776,112480,56597472
2587,72704,39264,117248,56501856
2588,71104,39104,108512,56166944
2589,71744,39776,111392,56579616
2590,72128,39264,116736,56486528
2591,71520,39520,116832,56077024
2592,71616,39328,117952,54787488
2593,71776,39680,116032,48086848
2594,72960,39584,115456,47966848
2595,71680,39200,115104,47982848
2596,71872,39328,116544,48086976
2597,71808,39200,116416,48143712
2598,70880,39680,114112,48076192
2599,72032,39648,116096,47948064
2600,71200,39328,117312,47727296
2601,72000,39456,116512,47921504
2602,72480,39328,115680,47850912
2603,72480,39488,118112,47883552
2604,71456,39616,117952,47995520
2605,71680,39584,118592,48062752
2606,71904,39232,115968,47754176
2607,71616,39200,113120,47753376
2608,72128,39232,115136,47655296
2609,71520,39200,113472,48020480
2610,71712,39552,114112,47870848
2611,72160,39392,116928,47960800
2612,72096,39296,116512,47788448
2613,71904,39328,115648,47907424
2614,72672,39264,116352,47919392
2615,71232,39232,116544,47952096
2616,71232,39680,115776,47847296
2617,71520,39136,117856,47786656
2618,71616,39296,111360,47960192
2619,71328,39744,111200,47623392
2620,71680,39904,109824,47982496
2621,71424,39296,115680,47861984
2622,71200,39520,112416,47853280
2623,71392,39328,115136,48058688
2624,71680,39520,114752,47897120
2625,72544,39232,118816,47791680
2626,71072,39328,114784,48231136
2627,71840,39616,115552,47786560
2628,72544,39424,115712,48056928
2629,72256,39328,116736,47947360
2630,71520,39520,115520,47911328
2631,71904,39360,114944,47917440
2632,71872,39392,115712,48092640
2633,72064,39520,117408,48176416
2634,72192,39584,114528,48147584
2635,71424,39680,113792,48118336
2636,71392,39648,112608,47811168
2637,71776,39360,114624,48003936
2638,71712,39360,116192,48081600
2639,71680,39456,115040,48080480
2640,71616,39264,115712,48112224
2641,71616,39424,117184,48008288
2642,72064,39232,115136,48133664
2643,71616,39232,116576,47965600
2644,72128,39296,114944,48065536
2645,71968,39264,116128,47940320
2646,71968,40192,113280,48120704
2647,72576,39328,115360,48238400
2648,72544,39360,108800,48087456
2649,71936,39776,112864,57076192
2650,71328,39712,109376,56985504
2651,72000,39424,107936,56900384
2652,71936,39456,117440,57196032
2653,71968,39360,117792,56808640
2654,72160,39456,115424,57067584
2655,72256,40000,115680,56870016
2656,72736,39872,115872,56273792
2657,72128,39680,112032,56254272
2658,71872,39456,110912,55864608
2659,72160,39744,109664,55692480
2660,71968,39520,115552,55568160
2661,71968,39616,116352,55410784
2662,71712,39648,109536,55458464
2663,71968,39232,114144,55036928
2664,72288,39840,117216,48142752
2665,71232,39680,112544,47742176
2666,72480,39296,108992,47758432
2667,72000,39264,116064,47823392
2668,71616,39392,114528,47680512
2669,71680,39392,117280,46996608
2670,71904,39488,117152,47639200
2671,71776,39552,116384,47076448
2672,71456,39392,117888,47479584
2673,72480,39264,115168,48202720
2674,71488,39712,114816,48065632
2675,72160,39392,114944,56696992
2676,71840,39232,115808,56721152
2677,71296,39104,118464,56686016
2678,71008,39424,114656,57133888
2679,72160,39360,116160,57027296
2680,72256,39296,115520,56545536
2681,71520,39424,109568,56860736
2682,72992,39488,117856,56815712
2683,71456,39360,115936,55970048
2684,71584,39392,118528,55929440
2685,71904,39872,114624,55725792
2686,72000,39296,115104,55473888
2687,71840,39520,117216,55198560
2688,71136,39488,115616,55153600
2689,71488,39392,117664,54615680
2690,71488,39616,115744,48202752
2691,71040,39424,110944,47655104
2692,72736,39456,115232,47667712
2693,71776,39424,117568,47055936
2694,71584,39776,109632,47024224
2695,70976,39808,115168,46519904
2696,71776,40736,112512,46985536
2697,71648,39904,110720,47862176
2698,70976,39712,110880,47607168
2699,70720,39808,109664,48256800
2700,70880,39872,112672,47622112
2701,71584,39552,113760,55732416
2702,71616,39232,116128,55504576
2703,70752,39520,109568,55435328
2704,72544,39680,109696,54893760
2705,72192,39264,108768,54694944
2706,70848,39200,109568,54865728
2707,71520,39328,115296,54730048
2708,72416,40000,114080,54586336
2709,71584,39520,118816,54309568
2710,71200,38976,116192,54337824
2711,71872,39232,117120,54411072
2712,72448,39168,115392,54057696
2713,71360,39744,110624,54453856
2714,71648,39872,110656,54434080
2715,72032,39584,107424,54516160
2716,71680,39456,114976,54544832
2717,71488,39296,112928,54679840
2718,72288,39360,116128,54927456
2719,71328,39232,116416,55069376
2720,71168,39296,116448,55630720
2721,71392,39264,110784,56380160
2722,70624,39360,110016,56701088
2723,71872,39520,115104,56801184
2724,72960,39712,111872,57831232
2725,71264,39520,116896,57724576
2726,71136,39168,115008,65484096
2727,71776,39264,116128,65711008
2728,71424,39264,112832,65557984
2729,71360,39776,110784,65919744
2730,72000,39360,116064,66058880
2731,71936,39296,118624,65992576
2732,71744,39200,115712,65953088
2733,73856,39168,115232,66027520
2734,72160,39168,112960,66088640
2735,72192,39200,116064,65924064
2736,72608,39264,117312,66017216
2737,71584,39264,116320,65845920
2738,72672,39680,112352,56939136
2739,71808,39392,117536,57055936
2740,72544,39584,118304,57101312
2741,72416,39296,117632,57079872
2742,71744,39520,117632,57056128
2743,72672,39424,117568,57069472
2744,71456,40064,115808,57170304
2745,71072,39552,114912,57106720
2746,72000,39232,115488,57169728
2747,71456,39648,119040,57064032
2748,71328,39616,116992,57140992
2749,72288,39328,117504,57074336
2750,70848,39136,107040,57192992
2751,71584,39200,111552,57053760
2752,72096,39328,116256,57073984
2753,71424,39968,109184,57092128
2754,71328,39840,115360,57020768
2755,72704,39808,116032,56933248
2756,71136,39392,114624,57067328
2757,72000,39232,108768,56922880
2758,71936,39360,116288,56888960
2759,72544,39328,119008,56913312
2760,71936,39680,115168,56913600
2761,71200,39520,117760,56882880
2762,71712,39296,115168,56829536
2763,72640,39264,109984,56707456
2764,71200,39552,115936,56544096
2765,71776,39232,117728,56796704
2766,72032,39648,113856,56631968
2767,71040,39328,115616,56466048
2768,71104,39424,113792,56382624
2769,71968,39264,114336,56465408
2770,71648,39680,117088,56496064
2771,71520,39424,116064,56063616
2772,71808,39232,115744,54763968
2773,71456,39232,109376,48074784
2774,71840,39456,115584,47975456
2775,72032,39168,113696,47996480
2776,72160,39168,117216,48116640
2777,72192,39808,118176,48161312
2778,71872,39296,108256,48095904
2779,72224,40000,110112,47959744
2780,72192,39936,109440,47717600
2781,71040,39776,107936,47926592
2782,71744,39776,108832,47853024
2783,71232,39840,111520,47884512
2784,71968,39776,110496,48009536
2785,73184,39840,114784,48087264
2786,71392,39328,114816,47728640
2787,71648,39520,117600,47713536
2788,71808,39232,114432,47665824
2789,72832,39392,115424,48022208
2790,71168,39328,115936,47870624
2791,71936,39264,114912,47938944
2792,72544,39264,116640,47794048
2793,71648,39328,116128,47928800
2794,72736,39232,116160,47924736
2795,71328,39328,114880,47960224
2796,71712,39232,114880,47860576
2797,72192,39616,116160,48175840
2798,71200,39232,117248,47960064
2799,72832,39360,116512,47926976
2800,71904,39456,115872,47977600
2801,71744,39296,115520,47867360
2802,71072,39168,117472,47863232
2803,71264,39296,113152,48029952
2804,71968,39456,113312,47915808
2805,72224,39264,114144,47747104
2806,71872,39648,115264,48222560
2807,70560,39584,115040,47806112
2808,71744,39616,114016,48064416
2809,72160,39392,118400,47920768
2810,71552,39488,115776,47853888
2811,71392,39200,117152,47913248
2812,71712,39328,117024,48117536
2813,71616,39904,115520,48189856
2814,72064,39488,115904,48133728
2815,72384,39360,106912,48138016
2816,71040,39360,111104,47796448
2817,72736,39808,111072,48008480
2818,71872,39264,108960,48076128
2819,71584,39296,110976,48095072
2820,71712,39936,111072,48130976
2821,71776,39488,115904,48008352
2822,72160,39296,116416,48134368
2823,71296,39360,117152,47958048
2824,71584,39488,115968,48028544
2825,71648,39392,115360,47951488
2826,71648,39360,115808,48121056
2827,72128,39648,113984,48231520
2828,71520,39392,115520,48061184
2829,71552,39584,119232,57045568
2830,71616,39520,115040,56956704
2831,71168,39264,117952,56899296
2832,71808,39648,109504,57149696
2833,71584,39552,117056,56739872
2834,72448,39296,115808,57088320
2835,71392,39328,115424,56855040
2836,72096,39392,115168,56668896
2837,72000,39040,115392,56229856
2838,71488,39296,117248,56248192
2839,72384,39264,116544,55703168
2840,72064,39904,116768,55558240
2841,72448,39456,114752,55356544
2842,71360,39136,109920,55433792
2843,71616,39264,116768,55029344
2844,71392,39328,116448,48515232
2845,71008,39360,116288,47737728
2846,71968,39328,117952,47758528
2847,71136,39552,115968,47814208
2848,71136,39360,114912,47673120
2849,71872,39296,113664,46976640
2850,72448,39424,118496,47647552
2851,71616,39200,120288,47066592
2852,71744,39712,110560,47455616
2853,71872,39424,115360,48167168
2854,71488,39520,115552,48028832
2855,72320,39552,117056,56772800
2856,71328,39360,114048,56695776
2857,71488,39616,115584,56687040
2858,71200,39712,117376,57151648
2859,71904,39744,117984,56974496
2860,71808,39424,116384,56902400
2861,71488,39616,116416,56901536
2862,71200,39904,109312,56801152
2863,71552,39200,113952,55958496
2864,71264,39648,115840,56026912
2865,71392,39328,115552,55679232
2866,71296,39392,112480,55459840
2867,71616,39488,116448,55236672
2868,71456,39264,116352,55152832
2869,72160,39264,116160,54611776
2870,71552,39264,116160,48203296
2871,71552,39488,118912,47676032
2872,72384,39680,111200,47701664
2873,71840,39296,116192,47068928
2874,71872,39264,117280,47031872
2875,71424,39296,117728,46892640
2876,71968,39584,116096,47373664
2877,72576,40928,114432,47848704
2878,72224,39616,115136,47665920
2879,71648,39264,116128,48247872
2880,72064,39328,115808,47617376
2881,72512,39200,114080,55725088
2882,71488,39584,111200,55602336
2883,71552,39168,113792,55447488
2884,72352,39328,115456,54881472
2885,71520,39616,117376,54783456
2886,71264,39328,116736,54932576
2887,71680,39328,113536,54640352
2888,71008,39744,111552,54606304
2889,71392,39520,118112,54391840
2890,71744,39296,114528,54334720
2891,71712,39360,113696,54389088
2892,71776,39744,111360,54406464
2893,71968,39360,116416,54439232
2894,71168,39232,116000,54414048
2895,71968,39360,117408,54485920
2896,71616,39424,114432,54531904
2897,74528,39232,116128,54704896
2898,71968,39264,117152,54894720
2899,71584,39232,115232,54987040
2900,71552,39584,113824,55596608
2901,71808,39168,113600,55984224
2902,71808,39136,111968,56621344
2903,71904,39360,114912,57207296
2904,71360,39648,115680,57905024
2905,72320,39424,117536,57752256
2906,71584,40544,116192,65458368
2907,71968,39456,115712,65340384
2908,71840,40000,111904,65963776
2909,71136,39392,116448,65950208
2910,71072,39232,116640,66018336
2911,72320,39392,116288,65986752
2912,72352,39584,111008,65950752
2913,71456,39200,113312,65999680
2914,71680,39296,116160,66147296
2915,71520,39200,117216,65904352
2916,71808,39328,114272,66033184
2917,70976,39328,108000,66159776
2918,72384,39616,114368,56894816
2919,72416,39264,115808,57281856
2920,71584,39168,112512,57091680
2921,71456,39200,114016,57071552
2922,71488,39392,117568,57064864
2923,72192,39200,114208,57082400
2924,71616,39264,115008,57157408
2925,71968,39712,116512,57091584
2926,71712,39424,115712,57210560
2927,71616,39392,115584,57117760
2928,72640,39424,116928,56752896
2929,71520,40320,109024,57068576
2930,71744,39296,112800,57224640
2931,71712,39328,116352,57119584
2932,72736,39040,114848,57034272
2933,71072,39296,115232,57040992
2934,71872,39136,114624,57073312
2935,71456,39488,116352,56588832
2936,71680,39648,110880,57117792
2937,71872,39232,114816,56933312
2938,72416,39392,117664,56881504
2939,70912,39200,117088,56914400
2940,71936,39296,112288,56907616
2941,71712,39456,116736,56876576
2942,71296,39392,117152,56882912
2943,71296,39232,114272,56712416
2944,71680,39584,107936,56636640
2945,71360,39488,115616,56854336
2946,71456,39360,115264,56621152
2947,71168,39520,112704,56514656
2948,71808,39264,117856,56485920
2949,71616,39456,116096,56572992
2950,71520,39264,114784,56511328
2951,71456,39264,117440,56093760
2952,71712,39424,114656,54785152
2953,71168,39296,114880,48072960
2954,71744,39264,116544,47982112
2955,71072,39232,115104,47971328
2956,71936,39264,113696,48085216
2957,71424,39232,117408,48122944
2958,71616,39264,113600,47698816
2959,71808,39488,109888,47596672
2960,71840,40256,109504,47813760
2961,71456,39520,116736,47972864
2962,71392,40448,112256,47835648
2963,71488,39776,116256,47864512
2964,72160,39296,115776,48005568
2965,72000,39520,114240,48067392
2966,73184,39584,115712,47757472
2967,71840,39264,115264,47693472
2968,71648,39232,114464,47655904
2969,72096,39456,117184,48032288
2970,71936,39392,114848,47849920
2971,71904,39232,116832,47959520
2972,71680,40736,116320,47779776
2973,71520,39584,115872,47922144
2974,71360,39264,115776,47943424
2975,71904,39520,115552,47926752
2976,72032,39552,116928,47847168
2977,71552,39296,116544,48164608
2978,71968,39264,116928,47937024
2979,71712,39392,115840,47918240
2980,71648,39232,114912,47976480
2981,72224,39424,116160,47865504
2982,71456,39168,113184,47871840
2983,71776,39168,113600,48070080
2984,71840,39296,117184,47898048
2985,72064,39360,115776,47752288
2986,72224,39616,118624,48227552
2987,72288,39136,114464,47791776
2988,71648,39296,117728,48045728
2989,71776,39680,117472,47935840
2990,72000,39168,110144,47560320
2991,71424,39392,108224,48090752
2992,71232,39776,109472,47666528
2993,71200,39392,108768,48169984
2994,71808,39360,112128,47768032
2995,71584,39424,108800,48115264
2996,71232,39744,108192,47781536
2997,72000,39648,109440,48002816
2998,72192,39552,115488,48082560
2999,72000,39584,116832,48086912
3000,71392,39360,115072,48109600
